location,model,threshold_C,source_file,accuracy_%
Kamenac,Kamenac_2025-07-15_11-18_tf,0.5,results_inference_on_Kamenac_2025-07-15_14-17_2021data_modelUsed_Kamenac_2025-07-15_11-18_tf.csv,81.67126677453128
Kamenac,Kamenac_2025-07-15_11-18_tf,1.0,results_inference_on_Kamenac_2025-07-15_14-17_2021data_modelUsed_Kamenac_2025-07-15_11-18_tf.csv,95.9493670886076
Kamenac,Kamenac_2025-07-15_11-18_tf,2.0,results_inference_on_Kamenac_2025-07-15_14-17_2021data_modelUsed_Kamenac_2025-07-15_11-18_tf.csv,99.55458265917959
Nasice_OBZ,Nasice_OBZ_2025-07-15_14-06_tf,0.5,results_inference_on_Nasice_OBZ_2025-07-15_14-37_2021data_modelUsed_Nasice_OBZ_2025-07-15_14-06_tf.csv,84.95669553630913
Nasice_OBZ,Nasice_OBZ_2025-07-15_14-06_tf,1.0,results_inference_on_Nasice_OBZ_2025-07-15_14-37_2021data_modelUsed_Nasice_OBZ_2025-07-15_14-06_tf.csv,96.71457123822213
Nasice_OBZ,Nasice_OBZ_2025-07-15_14-06_tf,2.0,results_inference_on_Nasice_OBZ_2025-07-15_14-37_2021data_modelUsed_Nasice_OBZ_2025-07-15_14-06_tf.csv,99.73731797849052
Nedelisce,Nedelisce_2025-07-15_11-41_tf,0.5,results_inference_on_Nedelisce_2025-07-15_14-19_2021data_modelUsed_Nedelisce_2025-07-15_11-41_tf.csv,87.7928999714476
Nedelisce,Nedelisce_2025-07-15_11-41_tf,1.0,results_inference_on_Nedelisce_2025-07-15_14-19_2021data_modelUsed_Nedelisce_2025-07-15_11-41_tf.csv,98.09270010469211
Nedelisce,Nedelisce_2025-07-15_11-41_tf,2.0,results_inference_on_Nedelisce_2025-07-15_14-19_2021data_modelUsed_Nedelisce_2025-07-15_11-41_tf.csv,99.87627296088321
Oklaj,Oklaj_2025-07-15_11-32_tf,0.5,results_inference_on_Oklaj_2025-07-15_14-21_2021data_modelUsed_Oklaj_2025-07-15_11-32_tf.csv,77.39792519272865
Oklaj,Oklaj_2025-07-15_11-32_tf,1.0,results_inference_on_Oklaj_2025-07-15_14-21_2021data_modelUsed_Oklaj_2025-07-15_11-32_tf.csv,94.04968116493765
Oklaj,Oklaj_2025-07-15_11-32_tf,2.0,results_inference_on_Oklaj_2025-07-15_14-21_2021data_modelUsed_Oklaj_2025-07-15_11-32_tf.csv,99.56790710954601
Potomje,Potomje_2025-07-15_14-33_tf,0.5,results_inference_on_Potomje_2025-07-15_15-44_2021data_modelUsed_Potomje_2025-07-15_14-33_tf.csv,82.83810792804796
Potomje,Potomje_2025-07-15_14-33_tf,1.0,results_inference_on_Potomje_2025-07-15_15-44_2021data_modelUsed_Potomje_2025-07-15_14-33_tf.csv,95.97030551061198
Potomje,Potomje_2025-07-15_14-33_tf,2.0,results_inference_on_Potomje_2025-07-15_15-44_2021data_modelUsed_Potomje_2025-07-15_14-33_tf.csv,99.42324164842486
Skenderovci,Skenderovci_2025-07-15_11-12_tf,0.5,results_inference_on_Skenderovci_2025-07-15_14-22_2021data_modelUsed_Skenderovci_2025-07-15_11-12_tf.csv,87.48834110592938
Skenderovci,Skenderovci_2025-07-15_11-12_tf,1.0,results_inference_on_Skenderovci_2025-07-15_14-22_2021data_modelUsed_Skenderovci_2025-07-15_11-12_tf.csv,97.73674693061768
Skenderovci,Skenderovci_2025-07-15_11-12_tf,2.0,results_inference_on_Skenderovci_2025-07-15_14-22_2021data_modelUsed_Skenderovci_2025-07-15_11-12_tf.csv,99.68402017702485
Suhopolje,Suhopolje_2025-07-15_10-45_tf,0.5,results_inference_on_Suhopolje_2025-07-15_14-15_2021data_modelUsed_Suhopolje_2025-07-15_10-45_tf.csv,87.0372132863805
Suhopolje,Suhopolje_2025-07-15_10-45_tf,1.0,results_inference_on_Suhopolje_2025-07-15_14-15_2021data_modelUsed_Suhopolje_2025-07-15_10-45_tf.csv,97.57304654040165
Suhopolje,Suhopolje_2025-07-15_10-45_tf,2.0,results_inference_on_Suhopolje_2025-07-15_14-15_2021data_modelUsed_Suhopolje_2025-07-15_10-45_tf.csv,99.7582564004949
