datetime,y_true_C,y_pred_C,error_C
2021-04-01 00:00:00,9.06588,9.072705,0.006825447
2021-04-01 01:00:00,8.47738,8.30624,-0.17113972
2021-04-01 02:00:00,8.1206,7.818489,-0.30211067
2021-04-01 03:00:00,7.9094996,7.609453,-0.30004644
2021-04-01 04:00:00,7.7151,7.5397744,-0.1753254
2021-04-01 05:00:00,7.3263793,7.191381,-0.13499832
2021-04-01 06:00:00,7.2506995,6.9126663,-0.3380332
2021-04-01 07:00:00,10.208799,7.888168,-2.3206315
2021-04-01 08:00:00,14.60623,12.55664,-2.04959
2021-04-01 09:00:00,17.51943,13.044391,-4.4750395
2021-04-01 10:00:00,19.21853,13.044391,-6.17414
2021-04-01 11:00:00,20.341,13.044391,-7.296609
2021-04-01 12:00:00,21.2261,13.044391,-8.18171
2021-04-01 13:00:00,21.87615,12.974712,-8.901438
2021-04-01 14:00:00,22.3379,12.974712,-9.363188
2021-04-01 15:00:00,22.47598,12.905033,-9.570948
2021-04-01 16:00:00,22.29226,12.835355,-9.456904
2021-04-01 17:00:00,21.4296,12.835355,-8.594245
2021-04-01 18:00:00,19.585201,12.695997,-6.889204
2021-04-01 19:00:00,17.021141,12.695997,-4.325144
2021-04-01 20:00:00,15.05352,12.835355,-2.2181654
2021-04-01 21:00:00,13.61004,12.765676,-0.84436417
2021-04-01 22:00:00,12.3826,12.765676,0.3830757
2021-04-01 23:00:00,12.2624,11.511459,-0.7509403
2021-04-02 00:00:00,11.515369,11.99921,0.48384094
2021-04-02 01:00:00,10.70138,10.675315,-0.026064873
2021-04-02 02:00:00,10.11562,9.978529,-0.13709068
2021-04-02 03:00:00,9.769859,9.35142,-0.4184389
2021-04-02 04:00:00,9.97677,9.490778,-0.48599243
2021-04-02 05:00:00,10.11788,10.187565,0.06968498
2021-04-02 06:00:00,9.24154,10.048207,0.8066673
2021-04-02 07:00:00,10.3256,8.375919,-1.9496803
2021-04-02 08:00:00,14.4845,11.372102,-3.1123981
2021-04-02 09:00:00,16.7838,13.044391,-3.7394094
2021-04-02 10:00:00,17.9873,12.765676,-5.2216253
2021-04-02 11:00:00,18.7157,13.044391,-5.6713095
2021-04-02 12:00:00,18.03597,13.044391,-4.99158
2021-04-02 13:00:00,18.77047,12.905033,-5.8654366
2021-04-02 14:00:00,18.85528,12.905033,-5.950247
2021-04-02 15:00:00,18.18887,12.765676,-5.423194
2021-04-02 16:00:00,17.45364,12.835355,-4.618285
2021-04-02 17:00:00,16.67083,12.695997,-3.9748325
2021-04-02 18:00:00,15.48297,12.905033,-2.5779371
2021-04-02 19:00:00,14.04632,12.835355,-1.2109652
2021-04-02 20:00:00,13.20266,12.905033,-0.2976265
2021-04-02 21:00:00,11.8151,12.974712,1.1596127
2021-04-02 22:00:00,10.880899,10.605637,-0.27526283
2021-04-02 23:00:00,10.22784,10.048207,-0.17963314
2021-04-03 00:00:00,9.9205,9.839171,-0.08132839
2021-04-03 01:00:00,9.63256,9.560456,-0.0721035
2021-04-03 02:00:00,9.361719,9.212063,-0.1496563
2021-04-03 03:00:00,9.01635,8.933348,-0.08300209
2021-04-03 04:00:00,8.621149,8.445597,-0.17555237
2021-04-03 05:00:00,8.2689495,7.888168,-0.38078165
2021-04-03 06:00:00,7.9650197,7.888168,-0.076851845
2021-04-03 07:00:00,7.62878,8.097204,0.46842432
2021-04-03 08:00:00,7.93954,7.191381,-0.74815893
2021-04-03 09:00:00,8.244229,8.236561,-0.007668495
2021-04-03 10:00:00,9.25027,8.445597,-0.8046732
2021-04-03 11:00:00,11.0068,9.978529,-1.0282707
2021-04-03 12:00:00,11.82687,12.208246,0.38137627
2021-04-03 13:00:00,12.228539,12.417282,0.18874264
2021-04-03 14:00:00,12.14526,12.486961,0.3417015
2021-04-03 15:00:00,11.89993,11.929532,0.02960205
2021-04-03 16:00:00,11.4507,11.720495,0.26979542
2021-04-03 17:00:00,10.75198,10.95403,0.20205021
2021-04-03 18:00:00,9.64092,9.978529,0.3376093
2021-04-03 19:00:00,8.48538,8.584955,0.09957504
2021-04-03 20:00:00,7.5230293,7.191381,-0.33164835
2021-04-03 21:00:00,7.0027,6.6339517,-0.3687482
2021-04-03 22:00:00,6.4256797,6.4945936,0.06891394
2021-04-03 23:00:00,5.7771497,5.797807,0.02065754
2021-04-04 00:00:00,5.2439,5.1010203,-0.14287949
2021-04-04 01:00:00,4.757779,4.404233,-0.35354614
2021-04-04 02:00:00,4.3024797,4.404233,0.101753235
2021-04-04 03:00:00,3.8924494,3.9861612,0.09371185
2021-04-04 04:00:00,3.51513,3.707447,0.19231701
2021-04-04 05:00:00,3.1549292,3.3590527,0.2041235
2021-04-04 06:00:00,3.0187597,3.0106602,-0.008099556
2021-04-04 07:00:00,4.0012493,3.428732,-0.5725174
2021-04-04 08:00:00,5.02557,5.170699,0.1451292
2021-04-04 09:00:00,5.98446,6.4249153,0.44045544
2021-04-04 10:00:00,6.8881993,7.191381,0.30318165
2021-04-04 11:00:00,8.48385,7.957846,-0.52600336
2021-04-04 12:00:00,9.4808,9.839171,0.35837173
2021-04-04 13:00:00,10.093559,10.326921,0.2333622
2021-04-04 14:00:00,10.3974495,10.535958,0.1385088
2021-04-04 15:00:00,10.31152,10.466279,0.1547594
2021-04-04 16:00:00,9.9144,10.187565,0.27316475
2021-04-04 17:00:00,9.5116,9.490778,-0.020821571
2021-04-04 18:00:00,8.51464,8.863669,0.34902954
2021-04-04 19:00:00,7.1555996,7.4700956,0.31449604
2021-04-04 20:00:00,5.5721397,5.7281284,0.1559887
2021-04-04 21:00:00,4.1629,4.404233,0.24133301
2021-04-04 22:00:00,4.534499,3.1500177,-1.3844814
2021-04-04 23:00:00,4.4888496,5.379735,0.89088535
2021-04-05 00:00:00,2.4877596,3.8468037,1.3590441
2021-04-05 01:00:00,1.3333387,1.0596561,-0.2736826
2021-04-05 02:00:00,0.8715792,0.85062027,-0.0209589
2021-04-05 03:00:00,0.62852955,0.6415844,0.013054848
2021-04-05 04:00:00,0.47029972,0.71126366,0.24096394
2021-04-05 05:00:00,0.14013004,0.5022268,0.3620968
2021-04-05 06:00:00,-0.25277996,0.5022268,0.7550068
2021-04-05 07:00:00,2.5600204,0.22351265,-2.3365078
2021-04-05 08:00:00,6.1617,6.4945936,0.33289385
2021-04-05 09:00:00,8.082569,7.330738,-0.75183105
2021-04-05 10:00:00,9.66754,9.978529,0.31098938
2021-04-05 11:00:00,10.77252,11.093388,0.32086754
2021-04-05 12:00:00,11.6405,11.99921,0.3587103
2021-04-05 13:00:00,12.314899,12.347604,0.032704353
2021-04-05 14:00:00,12.86947,13.044391,0.17492104
2021-04-05 15:00:00,13.2042,13.044391,-0.15980911
2021-04-05 16:00:00,13.2312,13.044391,-0.18680954
2021-04-05 17:00:00,12.74508,12.835355,0.09027481
2021-04-05 18:00:00,11.17986,12.208246,1.0283861
2021-04-05 19:00:00,9.22137,9.560456,0.33908653
2021-04-05 20:00:00,8.919729,7.6791315,-1.2405977
2021-04-05 21:00:00,8.695339,8.6546335,-0.04070568
2021-04-05 22:00:00,8.34008,8.097204,-0.24287605
2021-04-05 23:00:00,7.8048997,7.818489,0.013589382
2021-04-06 00:00:00,7.5249596,7.4700956,-0.05486393
2021-04-06 01:00:00,7.4404993,7.1217027,-0.31879663
2021-04-06 02:00:00,7.10922,7.191381,0.08216095
2021-04-06 03:00:00,6.91064,6.4945936,-0.41604614
2021-04-06 04:00:00,5.6109595,6.6339517,1.0229921
2021-04-06 05:00:00,3.43334,4.125519,0.6921787
2021-04-06 06:00:00,2.1370497,2.731945,0.59489536
2021-04-06 07:00:00,2.18917,2.731945,0.54277515
2021-04-06 08:00:00,1.7110491,3.5680885,1.8570395
2021-04-06 09:00:00,1.7601299,2.0351582,0.27502823
2021-04-06 10:00:00,2.1172695,3.0106602,0.89339066
2021-04-06 11:00:00,3.1765995,3.0106602,-0.16593933
2021-04-06 12:00:00,4.0077,4.7526264,0.74492645
2021-04-06 13:00:00,4.296399,4.891984,0.59558487
2021-04-06 14:00:00,4.3435593,5.170699,0.82713985
2021-04-06 15:00:00,4.25836,4.682948,0.4245882
2021-04-06 16:00:00,4.1583195,4.891984,0.7336645
2021-04-06 17:00:00,3.8836994,4.5435905,0.6598911
2021-04-06 18:00:00,3.5372,4.0558395,0.51863956
2021-04-06 19:00:00,2.9415197,3.6377687,0.696249
2021-04-06 20:00:00,2.0457697,2.731945,0.68617535
2021-04-06 21:00:00,1.73388,1.8261223,0.09224224
2021-04-06 22:00:00,1.3964796,1.9654799,0.56900024
2021-04-06 23:00:00,0.9887295,1.3383713,0.3496418
2021-04-07 00:00:00,0.21013927,0.98997784,0.77983856
2021-04-07 01:00:00,-0.3281002,-0.26423836,0.06386185
2021-04-07 02:00:00,-0.77427006,-0.19456005,0.57971
2021-04-07 03:00:00,-1.3277006,-0.6823101,0.6453905
2021-04-07 04:00:00,-1.9229507,-1.5881338,0.33481693
2021-04-07 05:00:00,-2.4505405,-2.0062065,0.44433403
2021-04-07 06:00:00,-2.4060411,-2.2152414,0.19079971
2021-04-07 07:00:00,0.2991295,-2.0062065,-2.305336
2021-04-07 08:00:00,1.153799,3.4984102,2.3446112
2021-04-07 09:00:00,3.0122995,1.1990147,-1.8132849
2021-04-07 10:00:00,4.6078997,5.519092,0.9111924
2021-04-07 11:00:00,5.6170297,5.5887713,-0.028258324
2021-04-07 12:00:00,6.80987,7.1217027,0.3118329
2021-04-07 13:00:00,7.6596,7.609453,-0.05014658
2021-04-07 14:00:00,7.90453,8.445597,0.54106665
2021-04-07 15:00:00,7.86993,8.1668825,0.29695272
2021-04-07 16:00:00,6.8322997,7.4700956,0.6377959
2021-04-07 17:00:00,4.8003798,5.519092,0.71871233
2021-04-07 18:00:00,3.7410498,3.0106602,-0.7303896
2021-04-07 19:00:00,2.9411592,3.219696,0.2785368
2021-04-07 20:00:00,1.7707796,1.9654799,0.19470024
2021-04-07 21:00:00,1.3614988,1.1293344,-0.23216438
2021-04-07 22:00:00,0.68556976,1.1990147,0.5134449
2021-04-07 23:00:00,0.12416935,0.15383339,0.02966404
2021-04-08 00:00:00,-0.29157066,-0.124881744,0.16668892
2021-04-08 01:00:00,-0.6677599,-0.6126318,0.055128098
2021-04-08 02:00:00,-0.9785204,-0.75198936,0.22653103
2021-04-08 03:00:00,-1.2155008,-0.8216686,0.3938322
2021-04-08 04:00:00,-1.3482409,-1.1700611,0.17817974
2021-04-08 05:00:00,-1.1303005,-0.89134693,0.23895359
2021-04-08 06:00:00,-0.10520077,0.71126366,0.8164644
2021-04-08 07:00:00,1.7182989,1.5474072,-0.17089176
2021-04-08 08:00:00,2.1416302,4.2648764,2.1232462
2021-04-08 09:00:00,5.1803794,3.0803385,-2.100041
2021-04-08 10:00:00,7.43365,8.863669,1.4300194
2021-04-08 11:00:00,8.709,8.236561,-0.4724388
2021-04-08 12:00:00,9.492579,10.187565,0.6949854
2021-04-08 13:00:00,9.95245,10.257243,0.30479336
2021-04-08 14:00:00,10.157459,10.466279,0.30881977
2021-04-08 15:00:00,10.01367,10.326921,0.3132515
2021-04-08 16:00:00,9.609739,9.699814,0.09007454
2021-04-08 17:00:00,8.585779,9.142384,0.5566044
2021-04-08 18:00:00,7.90035,7.4004173,-0.49993277
2021-04-08 19:00:00,6.3161597,7.4004173,1.0842576
2021-04-08 20:00:00,3.8966293,4.7526264,0.8559971
2021-04-08 21:00:00,3.8855991,2.1048365,-1.7807627
2021-04-08 22:00:00,4.88027,4.4739122,-0.40635777
2021-04-08 23:00:00,4.37475,4.682948,0.30819798
2021-04-09 00:00:00,3.0156994,4.195198,1.1794987
2021-04-09 01:00:00,1.6167202,1.8261223,0.20940208
2021-04-09 02:00:00,-0.144001,0.71126366,0.85526466
2021-04-09 03:00:00,-1.176301,-1.0307045,0.1455965
2021-04-09 04:00:00,-1.6517706,-1.3790979,0.27267265
2021-04-09 05:00:00,-1.9587202,-1.5881338,0.3705864
2021-04-09 06:00:00,-1.4125013,-1.2397394,0.17276192
2021-04-09 07:00:00,2.6520596,-0.124881744,-2.7769413
2021-04-09 08:00:00,6.2339697,6.9823446,0.74837494
2021-04-09 09:00:00,8.28796,8.097204,-0.19075584
2021-04-09 10:00:00,9.92773,10.326921,0.39919186
2021-04-09 11:00:00,11.32745,11.511459,0.18400955
2021-04-09 12:00:00,12.47808,12.626319,0.14823914
2021-04-09 13:00:00,13.39248,13.044391,-0.34808922
2021-04-09 14:00:00,14.01666,13.044391,-0.97226906
2021-04-09 15:00:00,14.5176,12.974712,-1.5428877
2021-04-09 16:00:00,14.39092,13.044391,-1.346529
2021-04-09 17:00:00,13.6899,12.835355,-0.8545456
2021-04-09 18:00:00,11.9794,12.626319,0.64691925
2021-04-09 19:00:00,9.43173,10.744994,1.3132639
2021-04-09 20:00:00,8.17993,7.4004173,-0.7795124
2021-04-09 21:00:00,7.7675996,7.0520234,-0.7155762
2021-04-09 22:00:00,7.40475,7.1217027,-0.2830472
2021-04-09 23:00:00,7.1521997,6.9126663,-0.23953342
2021-04-10 00:00:00,6.90722,6.8429875,-0.06423235
2021-04-10 01:00:00,6.671,6.7733088,0.10230875
2021-04-10 02:00:00,6.2693396,6.2158794,-0.05346012
2021-04-10 03:00:00,5.8475294,5.5887713,-0.25875807
2021-04-10 04:00:00,5.535239,5.170699,-0.3645401
2021-04-10 05:00:00,5.3241496,5.2403774,-0.08377218
2021-04-10 06:00:00,5.58203,6.4249153,0.8428855
2021-04-10 07:00:00,7.6637793,7.2610598,-0.4027195
2021-04-10 08:00:00,10.17037,10.117886,-0.052484512
2021-04-10 09:00:00,12.11556,11.372102,-0.7434578
2021-04-10 10:00:00,13.5762,13.044391,-0.53180885
2021-04-10 11:00:00,14.7188,13.044391,-1.6744089
2021-04-10 12:00:00,15.44225,12.974712,-2.4675379
2021-04-10 13:00:00,15.7766,13.044391,-2.7322092
2021-04-10 14:00:00,16.028,12.905033,-3.1229668
2021-04-10 15:00:00,16.1604,12.695997,-3.4644032
2021-04-10 16:00:00,16.121601,12.835355,-3.2862463
2021-04-10 17:00:00,15.36923,12.765676,-2.6035547
2021-04-10 18:00:00,13.81353,12.765676,-1.0478544
2021-04-10 19:00:00,11.92312,12.765676,0.842556
2021-04-10 20:00:00,11.20803,10.744994,-0.46303558
2021-04-10 21:00:00,10.3149395,10.535958,0.22101879
2021-04-10 22:00:00,9.45034,9.281741,-0.16859913
2021-04-10 23:00:00,8.4846,8.6546335,0.17003345
2021-04-11 00:00:00,7.7276998,7.5397744,-0.18792534
2021-04-11 01:00:00,7.0361996,6.8429875,-0.19321203
2021-04-11 02:00:00,6.39526,6.3552365,-0.040023327
2021-04-11 03:00:00,5.7813396,5.379735,-0.40160465
2021-04-11 04:00:00,5.7779193,5.1010203,-0.67689896
2021-04-11 05:00:00,5.4953194,5.7281284,0.23280907
2021-04-11 06:00:00,5.53298,5.5887713,0.055791378
2021-04-11 07:00:00,7.0571,6.6339517,-0.42314816
2021-04-11 08:00:00,9.93075,8.933348,-0.9974022
2021-04-11 09:00:00,11.2422695,11.232745,-0.009524345
2021-04-11 10:00:00,12.32592,12.138568,-0.18735218
2021-04-11 11:00:00,14.05126,13.044391,-1.0068693
2021-04-11 12:00:00,14.54916,13.044391,-1.5047693
2021-04-11 13:00:00,14.68344,13.044391,-1.6390495
2021-04-11 14:00:00,15.11135,13.044391,-2.0669594
2021-04-11 15:00:00,15.5267,12.974712,-2.5519876
2021-04-11 16:00:00,15.54458,12.835355,-2.7092257
2021-04-11 17:00:00,15.17333,12.765676,-2.4076548
2021-04-11 18:00:00,13.66177,12.835355,-0.82641506
2021-04-11 19:00:00,12.19964,12.765676,0.5660353
2021-04-11 20:00:00,10.732929,11.3024235,0.56949425
2021-04-11 21:00:00,9.48953,9.281741,-0.20778847
2021-04-11 22:00:00,8.42184,8.445597,0.02375698
2021-04-11 23:00:00,7.3978996,7.2610598,-0.13683987
2021-04-12 00:00:00,6.56375,6.4249153,-0.13883448
2021-04-12 01:00:00,6.0654798,5.8674855,-0.19799423
2021-04-12 02:00:00,5.72885,5.449414,-0.2794361
2021-04-12 03:00:00,5.5842996,5.2403774,-0.34392214
2021-04-12 04:00:00,5.5249996,5.1010203,-0.42397928
2021-04-12 05:00:00,5.3945293,5.2403774,-0.15415192
2021-04-12 06:00:00,5.9551597,5.449414,-0.5057459
2021-04-12 07:00:00,9.52758,7.4004173,-2.127163
2021-04-12 08:00:00,11.96456,12.068889,0.10432911
2021-04-12 09:00:00,14.2034,13.044391,-1.159009
2021-04-12 10:00:00,15.91732,13.044391,-2.8729296
2021-04-12 11:00:00,16.89526,13.044391,-3.8508692
2021-04-12 12:00:00,17.97396,13.044391,-4.92957
2021-04-12 13:00:00,18.33114,13.044391,-5.28675
2021-04-12 14:00:00,18.029501,12.905033,-5.124468
2021-04-12 15:00:00,17.46047,12.765676,-4.6947947
2021-04-12 16:00:00,16.79064,12.905033,-3.8856068
2021-04-12 17:00:00,15.94244,12.765676,-3.1767645
2021-04-12 18:00:00,14.6838,12.835355,-1.8484449
2021-04-12 19:00:00,13.53777,12.695997,-0.84177303
2021-04-12 20:00:00,13.2118,12.695997,-0.5158024
2021-04-12 21:00:00,11.72836,12.835355,1.1069946
2021-04-12 22:00:00,8.0198,10.326921,2.3071213
2021-04-12 23:00:00,5.37206,5.65845,0.2863903
2021-04-13 00:00:00,4.59042,3.8468037,-0.7436161
2021-04-13 01:00:00,4.6277,4.0558395,-0.5718603
2021-04-13 02:00:00,4.34774,4.404233,0.056492805
2021-04-13 03:00:00,4.0039005,3.9861612,-0.017739296
2021-04-13 04:00:00,3.8407202,3.3590527,-0.48166752
2021-04-13 05:00:00,3.6352997,3.707447,0.07214737
2021-04-13 06:00:00,3.55013,4.4739122,0.92378235
2021-04-13 07:00:00,3.624299,4.61327,0.98897076
2021-04-13 08:00:00,3.3032799,4.4739122,1.1706324
2021-04-13 09:00:00,3.399869,3.4984102,0.09854126
2021-04-13 10:00:00,3.7916498,4.2648764,0.47322655
2021-04-13 11:00:00,3.4961205,4.682948,1.1868277
2021-04-13 12:00:00,3.1100388,3.4984102,0.38837147
2021-04-13 13:00:00,2.6790695,3.8468037,1.1677341
2021-04-13 14:00:00,2.3428297,3.0106602,0.66783047
2021-04-13 15:00:00,2.3934298,2.731945,0.33851528
2021-04-13 16:00:00,2.0917997,3.0803385,0.98853874
2021-04-13 17:00:00,2.0709,1.8958006,-0.17509937
2021-04-13 18:00:00,1.9761591,2.5925875,0.6164284
2021-04-13 19:00:00,1.8913498,2.1048365,0.21348667
2021-04-13 20:00:00,1.9449692,2.0351582,0.09018898
2021-04-13 21:00:00,1.9913998,2.3138723,0.32247257
2021-04-13 22:00:00,2.0377693,2.4532309,0.41546154
2021-04-13 23:00:00,2.0210495,2.1745157,0.15346622
2021-04-14 00:00:00,1.9784498,2.244194,0.2657442
2021-04-14 01:00:00,1.9000998,2.3835506,0.4834509
2021-04-14 02:00:00,1.9681997,2.244194,0.2759943
2021-04-14 03:00:00,1.9092302,2.3835506,0.4743204
2021-04-14 04:00:00,1.9305401,2.1048365,0.17429638
2021-04-14 05:00:00,1.9947987,2.3138723,0.31907368
2021-04-14 06:00:00,2.1332598,2.1745157,0.04125595
2021-04-14 07:00:00,2.490799,2.4532309,-0.037568092
2021-04-14 08:00:00,2.8498793,2.940981,0.09110165
2021-04-14 09:00:00,3.6406498,3.3590527,-0.28159714
2021-04-14 10:00:00,4.1301794,4.404233,0.27405357
2021-04-14 11:00:00,5.3127394,4.2648764,-1.047863
2021-04-14 12:00:00,6.8805995,6.564273,-0.31632662
2021-04-14 13:00:00,7.9167,7.888168,-0.028532028
2021-04-14 14:00:00,8.587299,8.793991,0.20669174
2021-04-14 15:00:00,8.9669,9.072705,0.1058054
2021-04-14 16:00:00,8.98098,9.142384,0.16140366
2021-04-14 17:00:00,8.318779,8.933348,0.6145687
2021-04-14 18:00:00,7.5994797,7.5397744,-0.059705257
2021-04-14 19:00:00,6.5843,7.0520234,0.46772337
2021-04-14 20:00:00,4.9411297,5.5887713,0.64764166
2021-04-14 21:00:00,4.2503595,3.3590527,-0.8913069
2021-04-14 22:00:00,3.4934301,4.0558395,0.5624094
2021-04-14 23:00:00,2.8327599,2.6622667,-0.17049313
2021-04-15 00:00:00,2.2276,2.5925875,0.36498737
2021-04-15 01:00:00,1.7190495,1.6170855,-0.101964
2021-04-15 02:00:00,1.3253689,1.3383713,0.013002396
2021-04-15 03:00:00,0.9681988,0.98997784,0.02177906
2021-04-15 04:00:00,0.63841915,0.78094196,0.14252281
2021-04-15 05:00:00,0.23027992,0.78094196,0.55066204
2021-04-15 06:00:00,0.37519932,0.08415508,-0.29104424
2021-04-15 07:00:00,3.1381798,1.1293344,-2.0088453
2021-04-15 08:00:00,5.1875997,6.076522,0.8889222
2021-04-15 09:00:00,6.5488997,6.076522,-0.47237778
2021-04-15 10:00:00,7.41046,8.375919,0.96545935
2021-04-15 11:00:00,8.3245,8.445597,0.12109661
2021-04-15 12:00:00,8.903379,9.560456,0.65707684
2021-04-15 13:00:00,9.596029,9.490778,-0.10525131
2021-04-15 14:00:00,9.81664,10.466279,0.6496391
2021-04-15 15:00:00,9.81512,10.117886,0.30276585
2021-04-15 16:00:00,9.72842,9.699814,-0.028606415
2021-04-15 17:00:00,9.24954,9.560456,0.31091595
2021-04-15 18:00:00,8.273899,8.793991,0.520092
2021-04-15 19:00:00,6.5839195,7.1217027,0.53778315
2021-04-15 20:00:00,4.5360394,4.891984,0.35594463
2021-04-15 21:00:00,3.1157494,2.8713017,-0.24444771
2021-04-15 22:00:00,2.4892797,2.244194,-0.24508572
2021-04-15 23:00:00,2.1492186,2.244194,0.09497547
2021-04-16 00:00:00,1.7129498,1.9654799,0.2525301
2021-04-16 01:00:00,1.4341402,1.1990147,-0.23512554
2021-04-16 02:00:00,1.7840786,1.268693,-0.5153856
2021-04-16 03:00:00,2.5817194,2.244194,-0.33752537
2021-04-16 04:00:00,2.720539,3.3590527,0.63851357
2021-04-16 05:00:00,2.5040998,2.8016233,0.2975235
2021-04-16 06:00:00,2.41436,3.707447,1.293087
2021-04-16 07:00:00,3.4660597,3.4984102,0.03235054
2021-04-16 08:00:00,5.7858996,5.519092,-0.26680756
2021-04-16 09:00:00,7.2461495,7.957846,0.7116966
2021-04-16 10:00:00,8.2784395,8.515276,0.23683643
2021-04-16 11:00:00,8.7539,9.281741,0.52784157
2021-04-16 12:00:00,8.81933,9.560456,0.74112606
2021-04-16 13:00:00,9.16317,9.142384,-0.020786285
2021-04-16 14:00:00,9.44045,9.560456,0.12000656
2021-04-16 15:00:00,9.55306,9.560456,0.007396698
2021-04-16 16:00:00,9.2906,9.35142,0.06082058
2021-04-16 17:00:00,9.2692995,8.863669,-0.4056301
2021-04-16 18:00:00,8.504749,9.212063,0.70731354
2021-04-16 19:00:00,8.231299,7.4004173,-0.8308821
2021-04-16 20:00:00,5.5922995,8.027525,2.4352255
2021-04-16 21:00:00,4.7615995,3.4984102,-1.2631893
2021-04-16 22:00:00,4.4702396,4.5435905,0.07335091
2021-04-16 23:00:00,5.0673995,3.9861612,-1.0812383
2021-04-17 00:00:00,4.8007793,5.3100567,0.50927734
2021-04-17 01:00:00,4.02975,4.682948,0.65319824
2021-04-17 02:00:00,3.6280994,3.0803385,-0.54776096
2021-04-17 03:00:00,3.6687994,3.707447,0.03864765
2021-04-17 04:00:00,3.4949598,3.916483,0.4215231
2021-04-17 05:00:00,3.495719,3.2893744,-0.2063446
2021-04-17 06:00:00,4.0198593,4.0558395,0.035980225
2021-04-17 07:00:00,5.0202293,5.3100567,0.28982735
2021-04-17 08:00:00,5.70147,6.6339517,0.93248177
2021-04-17 09:00:00,6.509,6.4945936,-0.014406204
2021-04-17 10:00:00,7.46826,7.748811,0.28055096
2021-04-17 11:00:00,7.5645,8.30624,0.7417402
2021-04-17 12:00:00,8.269699,7.609453,-0.6602459
2021-04-17 13:00:00,8.57665,9.142384,0.5657339
2021-04-17 14:00:00,8.87866,9.003027,0.12436676
2021-04-17 15:00:00,9.12475,9.072705,-0.05204487
2021-04-17 16:00:00,9.24496,9.072705,-0.17225456
2021-04-17 17:00:00,8.9555,9.142384,0.18688393
2021-04-17 18:00:00,8.38763,8.6546335,0.26700306
2021-04-17 19:00:00,7.6770997,7.818489,0.14138937
2021-04-17 20:00:00,7.0308495,6.9126663,-0.118183136
2021-04-17 21:00:00,6.32717,6.70363,0.37646008
2021-04-17 22:00:00,5.88482,5.519092,-0.3657279
2021-04-17 23:00:00,5.3888197,5.65845,0.26963043
2021-04-18 00:00:00,5.031639,4.9616632,-0.06997585
2021-04-18 01:00:00,5.0243998,4.682948,-0.34145164
2021-04-18 02:00:00,4.7299995,4.9616632,0.2316637
2021-04-18 03:00:00,4.493429,4.125519,-0.3679104
2021-04-18 04:00:00,4.1994,4.0558395,-0.14356041
2021-04-18 05:00:00,4.2944994,4.3345547,0.040055275
2021-04-18 06:00:00,4.5067396,4.891984,0.38524437
2021-04-18 07:00:00,5.77603,4.9616632,-0.8143668
2021-04-18 08:00:00,6.0217495,7.330738,1.3089886
2021-04-18 09:00:00,6.77905,6.1462007,-0.6328492
2021-04-18 10:00:00,6.9795,7.818489,0.83898926
2021-04-18 11:00:00,7.2111497,6.9823446,-0.22880507
2021-04-18 12:00:00,7.76077,7.748811,-0.011959076
2021-04-18 13:00:00,8.01675,8.445597,0.42884636
2021-04-18 14:00:00,8.44808,8.515276,0.06719589
2021-04-18 15:00:00,8.745899,8.724312,-0.021587372
2021-04-18 16:00:00,9.227839,8.863669,-0.36417007
2021-04-18 17:00:00,9.1552,9.490778,0.33557796
2021-04-18 18:00:00,8.59643,8.724312,0.127882
2021-04-18 19:00:00,7.51086,7.818489,0.3076291
2021-04-18 20:00:00,6.7049,6.285558,-0.41934156
2021-04-18 21:00:00,6.5025296,6.006843,-0.49568653
2021-04-18 22:00:00,6.3473396,6.4945936,0.14725399
2021-04-18 23:00:00,6.2700996,6.076522,-0.19357777
2021-04-19 00:00:00,6.2374196,6.2158794,-0.021540165
2021-04-19 01:00:00,6.2005196,5.937165,-0.26335478
2021-04-19 02:00:00,6.1426997,6.006843,-0.13585663
2021-04-19 03:00:00,6.14382,5.8674855,-0.2763343
2021-04-19 04:00:00,6.1533394,6.2158794,0.062540054
2021-04-19 05:00:00,6.1605797,6.076522,-0.08405781
2021-04-19 06:00:00,6.3522997,6.3552365,0.00293684
2021-04-19 07:00:00,6.68282,6.564273,-0.11854696
2021-04-19 08:00:00,7.3321,6.9823446,-0.3497553
2021-04-19 09:00:00,8.33016,8.097204,-0.23295593
2021-04-19 10:00:00,8.9692,9.003027,0.033826828
2021-04-19 11:00:00,9.76034,9.560456,-0.19988346
2021-04-19 12:00:00,10.0076,10.326921,0.31932163
2021-04-19 13:00:00,10.144899,10.257243,0.11234379
2021-04-19 14:00:00,10.65383,10.187565,-0.46626472
2021-04-19 15:00:00,11.46896,10.95403,-0.5149298
2021-04-19 16:00:00,11.53057,12.068889,0.53831863
2021-04-19 17:00:00,10.92617,11.3024235,0.37625313
2021-04-19 18:00:00,10.3271,10.326921,-0.0001783371
2021-04-19 19:00:00,8.973,9.699814,0.72681427
2021-04-19 20:00:00,7.3214397,7.609453,0.28801346
2021-04-19 21:00:00,6.7915998,5.7281284,-1.0634713
2021-04-19 22:00:00,6.323,6.4945936,0.17159367
2021-04-19 23:00:00,5.7615595,5.65845,-0.10310936
2021-04-20 00:00:00,5.5299296,5.0313416,-0.4985881
2021-04-20 01:00:00,5.55007,5.170699,-0.3793707
2021-04-20 02:00:00,5.7352996,5.170699,-0.56460047
2021-04-20 03:00:00,5.4188495,5.65845,0.23960066
2021-04-20 04:00:00,4.8642797,4.9616632,0.0973835
2021-04-20 05:00:00,4.5242195,4.4739122,-0.050307274
2021-04-20 06:00:00,4.8646793,4.5435905,-0.3210888
2021-04-20 07:00:00,6.9460397,5.7281284,-1.2179112
2021-04-20 08:00:00,8.14874,8.863669,0.7149296
2021-04-20 09:00:00,9.682369,8.6546335,-1.0277357
2021-04-20 10:00:00,10.3499,11.232745,0.8828449
2021-04-20 11:00:00,11.00872,11.023708,0.014987946
2021-04-20 12:00:00,10.90258,11.650817,0.74823666
2021-04-20 13:00:00,10.9589,11.023708,0.06480789
2021-04-20 14:00:00,11.6484995,11.163066,-0.48543358
2021-04-20 15:00:00,12.57736,12.138568,-0.43879223
2021-04-20 16:00:00,12.86035,12.974712,0.11436272
2021-04-20 17:00:00,12.5709,12.695997,0.12509727
2021-04-20 18:00:00,11.753469,12.068889,0.3154192
2021-04-20 19:00:00,10.426,11.093388,0.66738796
2021-04-20 20:00:00,9.35946,9.212063,-0.14739704
2021-04-20 21:00:00,7.6641493,8.375919,0.71177006
2021-04-20 22:00:00,6.9676995,6.1462007,-0.8214989
2021-04-20 23:00:00,6.20736,6.3552365,0.14787674
2021-04-21 00:00:00,5.7756295,5.449414,-0.32621574
2021-04-21 01:00:00,5.5211697,5.449414,-0.071755886
2021-04-21 02:00:00,5.4785695,5.0313416,-0.44722795
2021-04-21 03:00:00,5.1541395,5.0313416,-0.122797966
2021-04-21 04:00:00,4.8026695,4.682948,-0.11972141
2021-04-21 05:00:00,4.2868996,4.61327,0.32637024
2021-04-21 06:00:00,5.3644695,4.4739122,-0.8905573
2021-04-21 07:00:00,9.184099,7.191381,-1.9927182
2021-04-21 08:00:00,10.545429,11.511459,0.9660301
2021-04-21 09:00:00,12.78463,11.232745,-1.5518847
2021-04-21 10:00:00,14.6496,13.044391,-1.6052094
2021-04-21 11:00:00,15.8428,13.044391,-2.7984095
2021-04-21 12:00:00,16.7332,13.044391,-3.6888094
2021-04-21 13:00:00,17.17825,13.044391,-4.1338587
2021-04-21 14:00:00,17.271801,13.044391,-4.2274103
2021-04-21 15:00:00,17.09457,13.044391,-4.0501795
2021-04-21 16:00:00,16.83593,12.835355,-4.000575
2021-04-21 17:00:00,16.29617,12.835355,-3.4608145
2021-04-21 18:00:00,14.7846,12.835355,-1.9492455
2021-04-21 19:00:00,12.9965,12.835355,-0.16114521
2021-04-21 20:00:00,11.93414,12.626319,0.6921787
2021-04-21 21:00:00,10.93987,10.884352,-0.05551815
2021-04-21 22:00:00,10.2225,9.978529,-0.24397087
2021-04-21 23:00:00,9.70712,9.560456,-0.14666367
2021-04-22 00:00:00,9.26168,9.142384,-0.119296074
2021-04-22 01:00:00,8.80715,8.6546335,-0.15251637
2021-04-22 02:00:00,8.3454,8.30624,-0.039159775
2021-04-22 03:00:00,7.91216,7.6791315,-0.23302841
2021-04-22 04:00:00,7.46826,7.2610598,-0.20720005
2021-04-22 05:00:00,7.0665994,6.9126663,-0.15393305
2021-04-22 06:00:00,7.5857997,7.6791315,0.093331814
2021-04-22 07:00:00,9.88207,8.236561,-1.6455088
2021-04-22 08:00:00,12.32592,11.650817,-0.6751032
2021-04-22 09:00:00,13.9383,13.044391,-0.89390945
2021-04-22 10:00:00,15.21633,13.044391,-2.171939
2021-04-22 11:00:00,16.3133,13.044391,-3.2689085
2021-04-22 12:00:00,17.1406,13.044391,-4.0962095
2021-04-22 13:00:00,17.582201,12.974712,-4.6074886
2021-04-22 14:00:00,17.61263,12.835355,-4.777276
2021-04-22 15:00:00,17.82943,12.835355,-4.994075
2021-04-22 16:00:00,17.79254,12.974712,-4.817827
2021-04-22 17:00:00,17.31518,12.835355,-4.479825
2021-04-22 18:00:00,15.60507,12.835355,-2.7697153
2021-04-22 19:00:00,13.3628,12.835355,-0.52744484
2021-04-22 20:00:00,11.2723,12.905033,1.6327333
2021-04-22 21:00:00,10.186359,9.699814,-0.48654556
2021-04-22 22:00:00,8.83645,9.281741,0.44529152
2021-04-22 23:00:00,7.9289,7.609453,-0.31944656
2021-04-23 00:00:00,7.8463697,6.9126663,-0.9337034
2021-04-23 01:00:00,7.47436,7.6791315,0.20477152
2021-04-23 02:00:00,7.1038795,7.0520234,-0.05185604
2021-04-23 03:00:00,6.34542,6.4945936,0.14917374
2021-04-23 04:00:00,5.4957,5.2403774,-0.25532246
2021-04-23 05:00:00,4.7003393,4.7526264,0.0522871
2021-04-23 06:00:00,5.2963796,4.3345547,-0.9618249
2021-04-23 07:00:00,8.222919,7.0520234,-1.170896
2021-04-23 08:00:00,9.597919,10.048207,0.45028782
2021-04-23 09:00:00,11.10647,10.744994,-0.36147594
2021-04-23 10:00:00,12.38183,12.208246,-0.17358398
2021-04-23 11:00:00,13.3955,13.044391,-0.3511095
2021-04-23 12:00:00,14.14672,13.044391,-1.1023293
2021-04-23 13:00:00,14.76595,13.044391,-1.7215595
2021-04-23 14:00:00,14.86715,13.044391,-1.8227596
2021-04-23 15:00:00,14.63436,12.974712,-1.659648
2021-04-23 16:00:00,14.38333,12.765676,-1.6176548
2021-04-23 17:00:00,13.882,12.765676,-1.1163244
2021-04-23 18:00:00,12.83334,12.974712,0.14137268
2021-04-23 19:00:00,10.9296,12.486961,1.5573616
2021-04-23 20:00:00,9.1164,9.212063,0.09566307
2021-04-23 21:00:00,8.02627,7.609453,-0.4168167
2021-04-23 22:00:00,7.6193,7.1217027,-0.49759722
2021-04-23 23:00:00,8.0224495,7.0520234,-0.9704261
2021-04-24 00:00:00,9.06884,8.236561,-0.8322792
2021-04-24 01:00:00,8.47775,9.630135,1.1523848
2021-04-24 02:00:00,7.8543296,7.5397744,-0.31455517
2021-04-24 03:00:00,6.9034395,7.191381,0.28794146
2021-04-24 04:00:00,6.5751595,5.8674855,-0.707674
2021-04-24 05:00:00,5.0521793,6.564273,1.5120935
2021-04-24 06:00:00,5.4412994,4.61327,-0.82802963
2021-04-24 07:00:00,8.4382,7.0520234,-1.3861766
2021-04-24 08:00:00,10.78887,10.117886,-0.67098427
2021-04-24 09:00:00,12.5279,12.417282,-0.11061764
2021-04-24 10:00:00,13.78423,13.044391,-0.73983955
2021-04-24 11:00:00,14.78347,13.044391,-1.7390795
2021-04-24 12:00:00,15.514151,13.044391,-2.46976
2021-04-24 13:00:00,16.14858,13.044391,-3.1041899
2021-04-24 14:00:00,16.46316,13.044391,-3.418769
2021-04-24 15:00:00,16.5149,12.905033,-3.609867
2021-04-24 16:00:00,16.32812,12.765676,-3.5624437
2021-04-24 17:00:00,15.8953,12.765676,-3.1296244
2021-04-24 18:00:00,14.75494,12.974712,-1.7802277
2021-04-24 19:00:00,12.74584,12.905033,0.15919304
2021-04-24 20:00:00,11.22933,12.347604,1.1182737
2021-04-24 21:00:00,9.68847,9.769492,0.08102226
2021-04-24 22:00:00,8.271999,8.30624,0.034240723
2021-04-24 23:00:00,7.10427,6.9126663,-0.19160366
2021-04-25 00:00:00,6.14575,6.076522,-0.06922817
2021-04-25 01:00:00,5.40594,5.2403774,-0.16556263
2021-04-25 02:00:00,4.8194,4.5435905,-0.2758093
2021-04-25 03:00:00,4.2153997,4.195198,-0.020201683
2021-04-25 04:00:00,3.6817293,3.4984102,-0.18331909
2021-04-25 05:00:00,3.2248993,3.428732,0.20383263
2021-04-25 06:00:00,4.7117596,3.916483,-0.79527664
2021-04-25 07:00:00,9.459499,7.4004173,-2.059082
2021-04-25 08:00:00,12.9056,11.650817,-1.2547827
2021-04-25 09:00:00,15.23193,13.044391,-2.187539
2021-04-25 10:00:00,16.40914,13.044391,-3.364749
2021-04-25 11:00:00,17.4141,12.905033,-4.5090675
2021-04-25 12:00:00,17.9759,13.044391,-4.93151
2021-04-25 13:00:00,18.68487,13.044391,-5.640479
2021-04-25 14:00:00,19.097961,13.044391,-6.0535707
2021-04-25 15:00:00,19.3254,13.044391,-6.2810087
2021-04-25 16:00:00,19.2113,12.905033,-6.306267
2021-04-25 17:00:00,18.55517,12.765676,-5.7894945
2021-04-25 18:00:00,16.57308,12.835355,-3.7377253
2021-04-25 19:00:00,14.50125,12.835355,-1.6658955
2021-04-25 20:00:00,13.58834,12.626319,-0.9620209
2021-04-25 21:00:00,12.3248,12.765676,0.440876
2021-04-25 22:00:00,11.42065,11.3024235,-0.11822605
2021-04-25 23:00:00,10.48495,10.535958,0.051008224
2021-04-26 00:00:00,9.60592,9.630135,0.024214745
2021-04-26 01:00:00,9.1723,8.933348,-0.23895264
2021-04-26 02:00:00,8.49374,8.6546335,0.16089344
2021-04-26 03:00:00,8.15066,7.609453,-0.54120636
2021-04-26 04:00:00,7.7908297,7.6791315,-0.11169815
2021-04-26 05:00:00,7.0810494,7.2610598,0.18001032
2021-04-26 06:00:00,7.0304794,7.4004173,0.3699379
2021-04-26 07:00:00,8.1571,7.957846,-0.19925356
2021-04-26 08:00:00,7.8535695,9.072705,1.2191358
2021-04-26 09:00:00,8.45266,7.191381,-1.2612786
2021-04-26 10:00:00,10.120939,9.072705,-1.048234
2021-04-26 11:00:00,11.44082,11.3024235,-0.13839626
2021-04-26 12:00:00,12.28903,12.347604,0.058573723
2021-04-26 13:00:00,13.16693,12.765676,-0.40125465
2021-04-26 14:00:00,13.68383,13.044391,-0.6394396
2021-04-26 15:00:00,13.19506,12.905033,-0.29002666
2021-04-26 16:00:00,12.06918,12.905033,0.8358536
2021-04-26 17:00:00,10.70214,10.884352,0.18221188
2021-04-26 18:00:00,9.53442,9.769492,0.23507214
2021-04-26 19:00:00,8.52227,8.375919,-0.14635086
2021-04-26 20:00:00,7.67785,7.6791315,0.0012817383
2021-04-26 21:00:00,7.3933296,6.7733088,-0.62002087
2021-04-26 22:00:00,7.1247997,7.0520234,-0.07277632
2021-04-26 23:00:00,7.0217195,6.9126663,-0.109053135
2021-04-27 00:00:00,7.01373,6.6339517,-0.3797784
2021-04-27 01:00:00,6.9133196,6.8429875,-0.07033205
2021-04-27 02:00:00,6.7489996,6.6339517,-0.11504793
2021-04-27 03:00:00,6.6634197,6.285558,-0.3778615
2021-04-27 04:00:00,6.54513,6.4945936,-0.050536156
2021-04-27 05:00:00,6.5257196,6.4249153,-0.10080433
2021-04-27 06:00:00,6.6097994,6.6339517,0.024152279
2021-04-27 07:00:00,6.7904596,6.70363,-0.08682966
2021-04-27 08:00:00,7.5861797,7.1217027,-0.46447706
2021-04-27 09:00:00,7.8965697,8.584955,0.6883855
2021-04-27 10:00:00,8.47814,8.515276,0.037136078
2021-04-27 11:00:00,9.057819,9.072705,0.014885902
2021-04-27 12:00:00,9.597199,9.560456,-0.036743164
2021-04-27 13:00:00,9.84594,10.187565,0.3416252
2021-04-27 14:00:00,9.8178,9.839171,0.021371841
2021-04-27 15:00:00,9.8912,9.630135,-0.26106548
2021-04-27 16:00:00,9.95928,9.90885,-0.050430298
2021-04-27 17:00:00,9.9497595,9.90885,-0.040909767
2021-04-27 18:00:00,9.54888,9.769492,0.22061253
2021-04-27 19:00:00,9.16393,8.863669,-0.30026054
2021-04-27 20:00:00,7.9836698,8.863669,0.87999964
2021-04-27 21:00:00,7.9920297,6.70363,-1.2883997
2021-04-27 22:00:00,7.85473,8.236561,0.3818307
2021-04-27 23:00:00,7.6832,7.609453,-0.07374668
2021-04-28 00:00:00,7.6268997,7.5397744,-0.0871253
2021-04-28 01:00:00,7.5690594,7.609453,0.04039383
2021-04-28 02:00:00,7.4492397,7.2610598,-0.18817997
2021-04-28 03:00:00,7.3522596,7.0520234,-0.30023623
2021-04-28 04:00:00,7.28494,7.2610598,-0.023880005
2021-04-28 05:00:00,7.264,7.2610598,-0.002940178
2021-04-28 06:00:00,7.5006,7.191381,-0.30921888
2021-04-28 07:00:00,8.0543995,7.748811,-0.30558872
2021-04-28 08:00:00,9.2674,8.515276,-0.75212383
2021-04-28 09:00:00,10.3602,10.326921,-0.033278465
2021-04-28 10:00:00,11.57623,11.163066,-0.41316414
2021-04-28 11:00:00,13.0528,12.55664,-0.4961605
2021-04-28 12:00:00,13.89797,13.044391,-0.8535795
2021-04-28 13:00:00,14.31448,12.974712,-1.3397675
2021-04-28 14:00:00,14.35137,12.765676,-1.5856943
2021-04-28 15:00:00,14.69027,12.905033,-1.7852373
2021-04-28 16:00:00,14.15054,12.765676,-1.3848648
2021-04-28 17:00:00,13.79946,12.835355,-0.9641056
2021-04-28 18:00:00,13.38143,12.695997,-0.68543243
2021-04-28 19:00:00,12.47463,12.905033,0.43040276
2021-04-28 20:00:00,11.072229,11.7901745,0.7179451
2021-04-28 21:00:00,10.35714,9.839171,-0.5179682
2021-04-28 22:00:00,9.60287,9.490778,-0.11209202
2021-04-28 23:00:00,8.45303,8.724312,0.2712822
2021-04-29 00:00:00,7.2986393,7.1217027,-0.17693663
2021-04-29 01:00:00,6.56527,6.1462007,-0.4190693
2021-04-29 02:00:00,5.96087,5.8674855,-0.093384266
2021-04-29 03:00:00,5.7341995,5.1010203,-0.6331792
2021-04-29 04:00:00,5.8425794,5.449414,-0.3931656
2021-04-29 05:00:00,6.09857,5.8674855,-0.23108435
2021-04-29 06:00:00,7.72576,6.076522,-1.6492381
2021-04-29 07:00:00,10.19244,9.421099,-0.7713413
2021-04-29 08:00:00,13.26656,11.441781,-1.8247786
2021-04-29 09:00:00,15.69976,13.044391,-2.6553698
2021-04-29 10:00:00,17.78304,13.044391,-4.7386484
2021-04-29 11:00:00,19.23412,12.974712,-6.259407
2021-04-29 12:00:00,19.60497,13.044391,-6.5605803
2021-04-29 13:00:00,20.5323,12.974712,-7.5575886
2021-04-29 14:00:00,21.13937,12.905033,-8.234337
2021-04-29 15:00:00,21.37634,12.765676,-8.610665
2021-04-29 16:00:00,21.0112,12.835355,-8.175845
2021-04-29 17:00:00,19.1725,12.765676,-6.406825
2021-04-29 18:00:00,18.10406,12.835355,-5.2687044
2021-04-29 19:00:00,16.6294,12.835355,-3.7940454
2021-04-29 20:00:00,16.1714,12.835355,-3.3360453
2021-04-29 21:00:00,15.18932,12.835355,-2.3539648
2021-04-29 22:00:00,14.28784,12.835355,-1.4524851
2021-04-29 23:00:00,13.59063,12.835355,-0.7552748
2021-04-30 00:00:00,13.11746,12.905033,-0.21242714
2021-04-30 01:00:00,12.9828,12.695997,-0.2868023
2021-04-30 02:00:00,12.4887295,12.765676,0.27694607
2021-04-30 03:00:00,11.93185,11.929532,-0.0023183823
2021-04-30 04:00:00,11.48266,11.372102,-0.11055851
2021-04-30 05:00:00,11.5165,11.093388,-0.42311287
2021-04-30 06:00:00,12.3164,11.859853,-0.45654678
2021-04-30 07:00:00,15.102961,13.044391,-2.05857
2021-04-30 08:00:00,16.85113,13.044391,-3.8067389
2021-04-30 09:00:00,18.19268,12.695997,-5.496683
2021-04-30 10:00:00,19.374481,12.835355,-6.5391264
2021-04-30 11:00:00,20.44827,12.905033,-7.5432377
2021-04-30 12:00:00,20.824821,12.835355,-7.9894667
2021-04-30 13:00:00,21.19225,12.765676,-8.426574
2021-04-30 14:00:00,21.32308,12.835355,-8.487725
2021-04-30 15:00:00,21.57452,12.974712,-8.599808
2021-04-30 16:00:00,21.5494,12.905033,-8.644367
2021-04-30 17:00:00,21.10742,12.905033,-8.202387
2021-04-30 18:00:00,19.99752,12.905033,-7.0924873
2021-04-30 19:00:00,18.64532,12.765676,-5.8796453
2021-04-30 20:00:00,17.569271,12.974712,-4.5945587
2021-04-30 21:00:00,16.21478,12.905033,-3.3097477
2021-04-30 22:00:00,15.49398,13.044391,-2.4495897
2021-04-30 23:00:00,14.71346,12.905033,-1.8084269
