Suhopolje,2025-03-11_11-32,models/Suhopolje_2025-03-11_11-32_tf_1h.h5,0.43617188854663264
Suhopolje,2025-03-11_11-35,models/Suhopolje_2025-03-11_11-35_tf_1h.h5,0.39603129016872773
Suhopolje,2025-03-11_12-00,models/Suhopolje_2025-03-11_12-00_tf_1h.h5,0.37243785156017833
Suhopolje,2025-03-11_12-07,models/Suhopolje_2025-03-11_12-07_tf_1h.h5,0.4263981488123438
Suhopolje,2025-03-11_12-13,models/Suhopolje_2025-03-11_12-13_tf_1h.h5,0.372761925480774
Suhopolje,2025-03-11_12-22,models/Suhopolje_2025-03-11_12-22_tf_1h.h5,0.4010028159849193
Nasice,2025-03-11_15-50,models/Nasice_2025-03-11_15-50_tf_1h.h5,0.39729658127979917
Nedelisce,2025-03-11_16-02,models/Nedelisce_2025-03-11_16-02_tf_1h.h5,0.4264091122403749
Oklaj,2025-03-11_16-33,models/Oklaj_2025-03-11_16-33_tf_1h.h5,0.550173709679687
Potomje,2025-03-11_16-50,models/Potomje_2025-03-11_16-50_tf_1h.h5,0.4347694534530251
Skenderovci,2025-03-11_16-57,models/Skenderovci_2025-03-11_16-57_tf_1h.h5,0.4057395627021259
Kamenac,2025-03-12_10-10,models/Kamenac_2025-03-12_10-10_tf_1h.h5,0.6846858449469764
Kamenac,2025-03-12_14-34,models/Kamenac_2025-03-12_14-34_tf_1h.h5,0.6713648097117547
Kamenac,2025-03-12_14-42,models/Kamenac_2025-03-12_14-42_tf_1h.h5,0.6284320353432108
Kamenac,2025-03-12_14-57,models/Kamenac_2025-03-12_14-57_tf_1h.h5,0.6738992648628928
Kamenac,2025-03-12_15-08,models/Kamenac_2025-03-12_15-08_tf_1h.h5,0.6058063646340349
Kamenac,2025-03-12_16-11,models/Kamenac_2025-03-12_16-11_tf_1h.h5,0.6572305901019005
Kamenac,2025-03-12_16-20,models/Kamenac_2025-03-12_16-20_tf_1h.h5,0.6505659325937387
Suhopolje,2025-03-13_11-08,models/Suhopolje_2025-03-13_11-08_tf_1h.h5,0.3672599837439477
Kamenac,2025-07-15_17-56,Kamenac_2025-07-15_17-56_tf_1h,0.632291948964856
Nasice,2025-07-18_12-27,Nasice_2025-07-18_12-27_tf_1h,0.39235715564233015
